valid_time,u10,v10,d2m,t2m,tp,latitude,longitude
2024-01-01 00:00:00,-2.2951355,-0.54133606,270.5876,271.7163,0.0,32.0,118.75
2024-01-01 01:00:00,-2.1030731,-0.1436615,271.3385,272.76382,0.0,32.0,118.75
2024-01-01 02:00:00,-2.4730377,0.63394165,273.0127,277.90887,0.0,32.0,118.75
2024-01-01 03:00:00,-2.3389435,0.7711029,272.08908,278.2104,0.0,32.0,118.75
2024-01-01 04:00:00,-1.9570312,0.5531006,272.34344,278.5772,0.0,32.0,118.75
2024-01-01 05:00:00,-1.5932007,0.3701477,271.6814,280.86932,0.0,32.0,118.75
2024-01-01 06:00:00,-1.2345734,0.31533813,271.65005,281.0946,0.0,32.0,118.75
2024-01-01 07:00:00,-1.0427856,0.17877197,271.57886,281.0952,0.0,32.0,118.75
2024-01-01 08:00:00,-1.3103485,-0.123168945,271.64618,279.8286,0.0,32.0,118.75
2024-01-01 09:00:00,-2.1412811,-0.6226196,271.97882,278.8624,0.0,32.0,118.75
2024-01-01 10:00:00,-2.0106964,-1.1128235,272.4576,275.1233,0.0,32.0,118.75
2024-01-01 11:00:00,-1.894577,-1.2965393,272.462,274.72415,0.0,32.0,118.75
2024-01-01 12:00:00,-1.7922211,-0.7712097,272.45822,274.7616,0.0,32.0,118.75
2024-01-01 13:00:00,-1.9524536,-0.10926819,272.53638,274.96317,0.0,32.0,118.75
2024-01-01 14:00:00,-1.9598236,0.3904419,272.19403,274.0018,0.0,32.0,118.75
2024-01-01 15:00:00,-1.9060516,0.46888733,271.9731,273.53833,0.0,32.0,118.75
2024-01-01 16:00:00,-2.4560242,0.7972717,271.67606,273.1351,0.0,32.0,118.75
2024-01-01 17:00:00,-2.3531036,0.71315,270.82416,271.99435,0.0,32.0,118.75
2024-01-01 18:00:00,-2.1975403,-0.46688843,270.7636,272.04654,0.0,32.0,118.75
2024-01-01 19:00:00,-1.5783081,-0.8484192,270.5489,271.789,0.0,32.0,118.75
2024-01-01 20:00:00,-1.5508118,-0.74435425,270.85123,271.7954,0.0,32.0,118.75
2024-01-01 21:00:00,-1.7919312,-0.37652588,271.1021,272.18832,0.0,32.0,118.75
2024-01-01 22:00:00,-2.1779938,0.20358276,271.10574,271.69,0.0,32.0,118.75
2024-01-01 23:00:00,-1.8632965,0.5716858,271.10165,271.7025,0.0,32.0,118.75
2024-01-02 00:00:00,-2.188614,0.76556396,271.70334,272.5246,0.0,32.0,118.75
2024-01-02 01:00:00,-1.6034241,0.15310669,272.3661,273.5013,0.0,32.0,118.75
2024-01-02 02:00:00,-1.3286896,-0.6910095,274.7331,278.39917,0.0,32.0,118.75
2024-01-02 03:00:00,-1.0785675,-0.94480896,274.80255,279.40863,0.0,32.0,118.75
2024-01-02 04:00:00,-1.4509735,-0.8618927,274.72217,280.057,0.0,32.0,118.75
2024-01-02 05:00:00,-0.34127808,-1.8350067,274.4168,280.48608,2.9563904e-05,32.0,118.75
2024-01-02 06:00:00,0.7124481,-3.0146637,273.9735,280.11835,1.4305115e-05,32.0,118.75
2024-01-02 07:00:00,1.0747833,-3.7308502,273.9738,279.56116,0.00015306473,32.0,118.75
2024-01-02 08:00:00,0.35221863,-3.593979,274.55835,278.05472,0.00040769577,32.0,118.75
2024-01-02 09:00:00,-0.47753906,-3.2765808,274.82565,277.42694,0.00078582764,32.0,118.75
2024-01-02 10:00:00,-0.4179077,-2.3879242,275.18707,275.77576,0.0010528564,32.0,118.75
2024-01-02 11:00:00,-0.47561646,-1.7306061,274.85715,275.2623,0.0009675026,32.0,118.75
2024-01-02 12:00:00,-0.2164154,-1.2544098,274.5655,275.26157,0.00088500977,32.0,118.75
2024-01-02 13:00:00,0.79756165,-0.7186737,274.59875,275.3718,0.0008907318,32.0,118.75
2024-01-02 14:00:00,1.348465,-0.3133545,274.74268,275.19843,0.0005903244,32.0,118.75
2024-01-02 15:00:00,1.6804962,0.08126831,274.7723,275.24014,0.00015258789,32.0,118.75
2024-01-02 16:00:00,2.3780365,-0.41160583,274.99185,275.5089,1.1444092e-05,32.0,118.75
2024-01-02 17:00:00,2.7973175,-0.77604675,274.90714,275.26685,9.536743e-07,32.0,118.75
2024-01-02 18:00:00,2.8085785,-0.67430115,275.0971,275.3529,3.8146973e-06,32.0,118.75
2024-01-02 19:00:00,3.118332,-0.90730286,275.18463,275.47427,1.4305115e-05,32.0,118.75
2024-01-02 20:00:00,3.0806122,-1.06987,275.057,275.54565,5.722046e-06,32.0,118.75
2024-01-02 21:00:00,2.9951782,-1.0601349,274.92572,275.61517,1.04904175e-05,32.0,118.75
2024-01-02 22:00:00,2.956543,-0.910614,274.6142,275.547,2.861023e-06,32.0,118.75
2024-01-02 23:00:00,2.8346405,-0.49131775,274.78143,275.71783,9.536743e-07,32.0,118.75
2024-01-03 00:00:00,2.9050903,-0.4102478,274.71283,275.62515,9.536743e-07,32.0,118.75
2024-01-03 01:00:00,2.8389282,-0.44969177,274.48785,275.3944,0.0,32.0,118.75
2024-01-03 02:00:00,2.8272095,-0.42643738,274.7697,276.83405,0.0,32.0,118.75
2024-01-03 03:00:00,2.873291,-0.5285492,274.39172,276.75903,0.0,32.0,118.75
2024-01-03 04:00:00,2.8128357,-0.40679932,274.626,276.85373,0.0,32.0,118.75
2024-01-03 05:00:00,2.7612457,-0.41685486,275.24536,278.9775,0.0,32.0,118.75
2024-01-03 06:00:00,2.5072021,-0.35482788,275.3969,279.18652,0.0,32.0,118.75
2024-01-03 07:00:00,2.3345642,-0.29249573,275.5995,279.3852,0.0,32.0,118.75
2024-01-03 08:00:00,2.0507965,-0.04597473,275.4464,278.71118,0.0,32.0,118.75
2024-01-03 09:00:00,1.2918854,0.31021118,275.36423,278.22812,0.0,32.0,118.75
2024-01-03 10:00:00,1.5630646,-0.13098145,275.37323,276.5312,0.0,32.0,118.75
2024-01-03 11:00:00,0.8523712,0.63975525,275.3579,276.52722,0.0,32.0,118.75
2024-01-03 12:00:00,-0.04714966,1.138855,274.516,275.39822,0.0,32.0,118.75
2024-01-03 13:00:00,-0.43780518,1.5892792,275.10513,276.229,0.0,32.0,118.75
2024-01-03 14:00:00,-0.53837585,2.129242,274.19714,274.69806,0.0,32.0,118.75
2024-01-03 15:00:00,-0.42445374,2.2970428,273.05762,273.5349,0.0,32.0,118.75
2024-01-03 16:00:00,-0.3736267,2.174118,272.8125,273.3702,0.0,32.0,118.75
2024-01-03 17:00:00,-0.38346863,2.0697784,272.37878,272.91425,0.0,32.0,118.75
2024-01-03 18:00:00,-0.29522705,2.3798828,272.16574,272.74542,0.0,32.0,118.75
2024-01-03 19:00:00,-0.12133789,2.350296,271.92554,272.50946,0.0,32.0,118.75
2024-01-03 20:00:00,-0.0068969727,2.1951447,271.46515,271.95007,0.0,32.0,118.75
2024-01-03 21:00:00,-0.01625061,2.0409546,271.57037,272.0282,0.0,32.0,118.75
2024-01-03 22:00:00,-0.4053955,1.7575378,271.68774,271.79376,0.0,32.0,118.75
2024-01-03 23:00:00,-0.7194824,1.995285,271.6501,271.67807,0.0,32.0,118.75
2024-01-04 00:00:00,-0.9736786,2.6150818,272.0716,272.083,0.0,32.0,118.75
2024-01-04 01:00:00,-0.73709106,2.6105652,272.82452,272.82675,0.0,32.0,118.75
2024-01-04 02:00:00,-0.52563477,2.74411,276.01727,277.58975,0.0,32.0,118.75
2024-01-04 03:00:00,-0.0028839111,3.3204803,274.97742,278.11035,0.0,32.0,118.75
2024-01-04 04:00:00,0.7403259,3.6553955,273.19275,278.87878,0.0,32.0,118.75
2024-01-04 05:00:00,1.1247559,3.468628,274.768,283.67007,0.0,32.0,118.75
2024-01-04 06:00:00,1.0703735,3.2504883,274.9643,284.0445,0.0,32.0,118.75
2024-01-04 07:00:00,0.866745,3.1375732,274.53345,284.38318,0.0,32.0,118.75
2024-01-04 08:00:00,0.55381775,2.415741,275.01764,283.18207,0.0,32.0,118.75
2024-01-04 09:00:00,0.2789917,2.2428741,275.43475,281.6994,0.0,32.0,118.75
2024-01-04 10:00:00,-0.117507935,2.727127,274.76123,277.66418,0.0,32.0,118.75
2024-01-04 11:00:00,-0.75964355,2.4247894,274.72223,277.5594,0.0,32.0,118.75
2024-01-04 12:00:00,-0.8651428,2.0204315,274.62265,277.16486,0.0,32.0,118.75
2024-01-04 13:00:00,-0.6484375,2.0202332,274.39008,277.01077,0.0,32.0,118.75
2024-01-04 14:00:00,-0.39335632,2.0485382,274.30554,276.33063,0.0,32.0,118.75
2024-01-04 15:00:00,-0.18125916,2.0060272,274.0999,275.78738,0.0,32.0,118.75
2024-01-04 16:00:00,0.03855896,2.186905,274.17688,275.83344,0.0,32.0,118.75
2024-01-04 17:00:00,0.5819397,2.4214935,273.68207,275.12366,0.0,32.0,118.75
2024-01-04 18:00:00,1.06427,2.6372833,273.2475,274.66266,0.0,32.0,118.75
2024-01-04 19:00:00,1.8117523,2.4073334,273.12256,274.56146,0.0,32.0,118.75
2024-01-04 20:00:00,2.163803,1.9859772,273.21417,274.2162,0.0,32.0,118.75
2024-01-04 21:00:00,2.3759766,1.5331421,273.5451,274.55963,0.0,32.0,118.75
2024-01-04 22:00:00,1.9965668,0.36169434,273.30377,274.0033,0.0,32.0,118.75
2024-01-04 23:00:00,1.4896393,-0.46020508,273.5251,274.12238,0.0,32.0,118.75
2024-01-05 00:00:00,1.006897,0.43608093,274.44858,275.08206,0.0,32.0,118.75
2024-01-05 01:00:00,0.84399414,0.9021759,274.53934,275.49857,0.0,32.0,118.75
2024-01-05 02:00:00,1.0624695,0.72850037,277.25873,283.2027,0.0,32.0,118.75
2024-01-05 03:00:00,1.04393,0.3489685,276.60834,283.65564,0.0,32.0,118.75
2024-01-05 04:00:00,0.86117554,0.16221619,276.73236,284.22937,0.0,32.0,118.75
2024-01-05 05:00:00,0.773468,0.026672363,276.73883,287.00208,0.0,32.0,118.75
2024-01-05 06:00:00,0.91270447,-0.26148987,276.8407,287.1551,0.0,32.0,118.75
2024-01-05 07:00:00,1.1241455,-0.7479248,277.08008,287.28775,0.0,32.0,118.75
2024-01-05 08:00:00,0.69384766,-0.72927856,277.46204,285.52478,0.0,32.0,118.75
2024-01-05 09:00:00,0.83943176,-1.858429,277.75592,284.9433,0.0,32.0,118.75
2024-01-05 10:00:00,-0.4122162,-2.031433,277.04376,281.2661,0.0,32.0,118.75
2024-01-05 11:00:00,-1.323822,-1.8427277,277.2205,280.44888,0.0,32.0,118.75
2024-01-05 12:00:00,-1.9124451,-1.569519,277.06494,279.40228,0.0,32.0,118.75
2024-01-05 13:00:00,-2.1171265,-1.2359619,276.81665,278.86426,0.0,32.0,118.75
2024-01-05 14:00:00,-1.7453308,-1.4482574,275.69135,276.77747,0.0,32.0,118.75
2024-01-05 15:00:00,-0.9932556,-1.9365234,275.90875,276.9209,0.0,32.0,118.75
2024-01-05 16:00:00,-0.812912,-2.1340027,275.81177,276.55893,0.0,32.0,118.75
2024-01-05 17:00:00,-0.7699127,-2.1229248,275.46948,275.9585,0.0,32.0,118.75
2024-01-05 18:00:00,-1.084198,-1.8716888,275.66638,276.32147,0.0,32.0,118.75
2024-01-05 19:00:00,-1.3957062,-1.5444031,275.49283,276.21487,0.0,32.0,118.75
2024-01-05 20:00:00,-1.7071228,-1.260086,274.1136,274.5256,0.0,32.0,118.75
2024-01-05 21:00:00,-2.0099182,-1.1980133,274.00873,274.36835,0.0,32.0,118.75
2024-01-05 22:00:00,-1.4140472,-1.4451447,273.30267,273.4405,0.0,32.0,118.75
2024-01-05 23:00:00,-1.6048889,-1.2034302,273.42206,273.66962,0.0,32.0,118.75
2024-01-06 00:00:00,-0.9630432,-0.8190613,273.96786,274.18427,0.0,32.0,118.75
2024-01-06 01:00:00,-0.13433838,-0.3776703,273.92517,274.5211,0.0,32.0,118.75
2024-01-06 02:00:00,0.08103943,-0.13459778,276.89023,279.60834,0.0,32.0,118.75
2024-01-06 03:00:00,0.46546936,-0.71403503,276.77765,280.52115,0.0,32.0,118.75
2024-01-06 04:00:00,0.8764343,-1.6268616,277.26263,280.96625,0.0,32.0,118.75
2024-01-06 05:00:00,1.2316589,-2.6431885,277.6716,284.60846,0.0,32.0,118.75
2024-01-06 06:00:00,1.1865997,-2.9479218,277.55725,284.7556,0.0,32.0,118.75
2024-01-06 07:00:00,0.88578796,-3.1087036,277.66583,284.84595,0.0,32.0,118.75
2024-01-06 08:00:00,0.35595703,-2.8607635,276.7934,283.75012,0.0,32.0,118.75
2024-01-06 09:00:00,-0.15370178,-2.006485,277.31726,283.25107,0.0,32.0,118.75
2024-01-06 10:00:00,-0.0393219,-2.2291565,276.22983,279.65466,0.0,32.0,118.75
2024-01-06 11:00:00,-0.30659485,-2.2683716,276.31506,279.2854,0.0,32.0,118.75
2024-01-06 12:00:00,-0.3527527,-2.1338959,276.25128,278.7823,0.0,32.0,118.75
2024-01-06 13:00:00,-0.18733215,-2.133255,276.11713,278.4477,0.0,32.0,118.75
2024-01-06 14:00:00,-0.1806488,-2.017807,274.9953,276.77722,0.0,32.0,118.75
2024-01-06 15:00:00,-0.49476624,-2.1889648,274.8142,276.63586,0.0,32.0,118.75
2024-01-06 16:00:00,-0.9254608,-2.340149,274.9027,276.86877,0.0,32.0,118.75
2024-01-06 17:00:00,-1.3436127,-2.331665,274.01025,275.5721,0.0,32.0,118.75
2024-01-06 18:00:00,-1.562027,-2.1962738,273.8427,275.35193,0.0,32.0,118.75
2024-01-06 19:00:00,-1.5697784,-2.2051086,273.50427,275.1806,0.0,32.0,118.75
2024-01-06 20:00:00,-1.5523834,-2.2084503,272.76178,274.23016,0.0,32.0,118.75
2024-01-06 21:00:00,-1.5654144,-2.1674194,272.33252,274.07697,0.0,32.0,118.75
2024-01-06 22:00:00,-1.3802948,-2.057785,271.8471,273.83466,0.0,32.0,118.75
2024-01-06 23:00:00,-1.6295624,-2.0229492,271.56357,273.65436,0.0,32.0,118.75
2024-01-07 00:00:00,-1.923111,-2.4202118,271.23032,273.70667,0.0,32.0,118.75
2024-01-07 01:00:00,-2.0834808,-2.338684,270.91742,273.99817,0.0,32.0,118.75
2024-01-07 02:00:00,-2.1018372,-2.0932617,270.9549,277.59665,0.0,32.0,118.75
2024-01-07 03:00:00,-2.2467194,-2.0389862,270.0578,278.0763,0.0,32.0,118.75
2024-01-07 04:00:00,-2.2888794,-2.146286,270.05978,278.40167,0.0,32.0,118.75
2024-01-07 05:00:00,-2.2750702,-2.3383179,269.83502,280.12646,0.0,32.0,118.75
2024-01-07 06:00:00,-2.2825775,-2.4113922,269.79065,280.15842,0.0,32.0,118.75
2024-01-07 07:00:00,-2.2619476,-2.2446136,269.4651,280.30542,0.0,32.0,118.75
2024-01-07 08:00:00,-2.4884186,-2.0247803,268.80902,278.91623,0.0,32.0,118.75
2024-01-07 09:00:00,-1.6626282,-1.437561,268.6496,278.40662,0.0,32.0,118.75
2024-01-07 10:00:00,-1.4389496,-1.668396,268.53592,276.11578,0.0,32.0,118.75
2024-01-07 11:00:00,-1.7616272,-1.7248383,268.60962,275.72244,0.0,32.0,118.75
2024-01-07 12:00:00,-2.1767426,-1.5117493,268.85587,275.87012,0.0,32.0,118.75
2024-01-07 13:00:00,-2.60878,-1.2077484,268.81415,276.55106,0.0,32.0,118.75
2024-01-07 14:00:00,-3.0687714,-0.85850525,268.68045,276.05164,0.0,32.0,118.75
2024-01-07 15:00:00,-3.627945,-0.23727417,268.93,276.04474,0.0,32.0,118.75
2024-01-07 16:00:00,-4.003952,0.1166687,269.56085,275.30652,0.0,32.0,118.75
2024-01-07 17:00:00,-4.052643,0.13194275,270.02136,274.4787,0.0,32.0,118.75
2024-01-07 18:00:00,-3.7558594,0.3656311,270.08136,274.4517,0.0,32.0,118.75
2024-01-07 19:00:00,-3.501297,0.61231995,269.8736,274.67294,0.0,32.0,118.75
2024-01-07 20:00:00,-3.4517822,0.47436523,270.33868,274.7256,0.0,32.0,118.75
2024-01-07 21:00:00,-3.5939026,0.25045776,269.93323,274.50238,0.0,32.0,118.75
2024-01-07 22:00:00,-3.0345612,0.25090027,271.05035,274.4051,0.0,32.0,118.75
2024-01-07 23:00:00,-2.849228,0.098083496,270.91864,274.73807,0.0,32.0,118.75
2024-01-08 00:00:00,-2.7218628,-0.35168457,270.70953,274.5795,0.0,32.0,118.75
2024-01-08 01:00:00,-2.237503,-0.3959198,270.70816,274.2017,3.194809e-05,32.0,118.75
2024-01-08 02:00:00,-2.7970123,-0.30882263,271.92126,276.3369,0.00011730194,32.0,118.75
2024-01-08 03:00:00,-3.8261719,-0.0066833496,271.96582,276.07123,0.00012397766,32.0,118.75
2024-01-08 04:00:00,-3.9231873,0.6086426,272.47015,276.56354,4.4822693e-05,32.0,118.75
2024-01-08 05:00:00,-3.2242432,1.0110626,273.1762,278.03232,5.722046e-06,32.0,118.75
2024-01-08 06:00:00,-2.7512817,1.6053314,273.224,278.4375,4.7683716e-07,32.0,118.75
2024-01-08 07:00:00,-2.282837,2.0220642,273.48184,279.30145,0.0,32.0,118.75
2024-01-08 08:00:00,-2.2183228,2.098114,274.09787,279.26044,0.0,32.0,118.75
2024-01-08 09:00:00,-1.5315857,1.0104218,274.01025,279.0202,0.0,32.0,118.75
2024-01-08 10:00:00,-2.0166626,1.3377533,274.09387,276.128,0.0,32.0,118.75
2024-01-08 11:00:00,-2.0394897,1.0677795,273.9196,275.92377,0.0,32.0,118.75
2024-01-08 12:00:00,-1.9243927,1.0764313,273.5517,275.56232,0.0,32.0,118.75
2024-01-08 13:00:00,-2.2604523,1.3903809,272.9651,274.9516,0.0,32.0,118.75
2024-01-08 14:00:00,-1.8786774,1.7737274,272.7071,274.25168,0.0,32.0,118.75
2024-01-08 15:00:00,-1.1112366,2.027588,272.6479,274.16312,0.0,32.0,118.75
2024-01-08 16:00:00,-0.5660858,2.1694336,272.91656,274.35474,0.0,32.0,118.75
2024-01-08 17:00:00,0.03012085,2.217926,272.90482,274.0083,0.0,32.0,118.75
2024-01-08 18:00:00,0.6834259,2.2493439,272.66217,273.72067,0.0,32.0,118.75
2024-01-08 19:00:00,1.1839294,2.3239594,272.48822,273.50385,0.0,32.0,118.75
2024-01-08 20:00:00,1.4767914,2.29393,272.16388,272.80255,0.0,32.0,118.75
2024-01-08 21:00:00,1.6715088,2.181656,272.03668,272.66214,0.0,32.0,118.75
2024-01-08 22:00:00,1.9287415,1.3772888,272.979,273.49426,0.0,32.0,118.75
2024-01-08 23:00:00,1.5953217,1.3207245,272.5257,273.11832,0.0,32.0,118.75
2024-01-09 00:00:00,1.6116943,0.9502106,273.69568,274.21246,0.0,32.0,118.75
2024-01-09 01:00:00,1.1781006,0.861496,274.03442,275.05786,0.0,32.0,118.75
2024-01-09 02:00:00,1.6215515,1.2249908,276.94366,280.9436,0.0,32.0,118.75
2024-01-09 03:00:00,1.8388824,0.80929565,276.82297,281.74622,0.0,32.0,118.75
2024-01-09 04:00:00,2.2756958,-0.17959595,277.3121,282.40942,0.0,32.0,118.75
2024-01-09 05:00:00,2.8315277,-0.78430176,277.70483,284.76086,0.0,32.0,118.75
2024-01-09 06:00:00,3.891861,-0.8559723,277.67908,284.91705,0.0,32.0,118.75
2024-01-09 07:00:00,4.0796204,-0.9375458,277.7953,285.08218,0.0,32.0,118.75
2024-01-09 08:00:00,3.0102234,-1.0312347,277.6701,283.753,0.0,32.0,118.75
2024-01-09 09:00:00,2.4803162,-1.2747345,277.62714,283.80286,0.0,32.0,118.75
2024-01-09 10:00:00,2.1071625,-2.3425446,276.92715,281.9577,9.536743e-07,32.0,118.75
2024-01-09 11:00:00,1.6520996,-3.060608,277.02673,281.0058,0.0,32.0,118.75
2024-01-09 12:00:00,1.2203827,-3.192749,276.98096,280.13245,0.0,32.0,118.75
2024-01-09 13:00:00,1.136261,-3.0515137,277.03104,280.09665,0.0,32.0,118.75
2024-01-09 14:00:00,0.9924774,-3.0819855,275.76123,278.67236,0.0,32.0,118.75
2024-01-09 15:00:00,0.8134155,-3.2229156,275.4265,278.13535,0.0,32.0,118.75
2024-01-09 16:00:00,0.48112488,-3.011734,275.58,278.42358,9.536743e-07,32.0,118.75
2024-01-09 17:00:00,0.28912354,-2.6153412,274.77307,277.37918,9.536743e-07,32.0,118.75
2024-01-09 18:00:00,0.24847412,-2.5848846,274.49344,277.30194,0.0,32.0,118.75
2024-01-09 19:00:00,0.20077515,-2.7070618,274.05164,277.15454,0.0,32.0,118.75
2024-01-09 20:00:00,0.21430969,-2.8192291,273.05243,275.6397,0.0,32.0,118.75
2024-01-09 21:00:00,0.41744995,-2.858429,272.202,275.37793,0.0,32.0,118.75
2024-01-09 22:00:00,0.67922974,-2.4646454,271.96875,273.79443,0.0,32.0,118.75
2024-01-09 23:00:00,0.57141113,-2.4100037,271.509,273.23706,0.0,32.0,118.75
2024-01-10 00:00:00,0.6979828,-2.8510742,271.07867,273.1949,0.0,32.0,118.75
2024-01-10 01:00:00,0.61203,-3.0364075,270.93445,273.25806,0.0,32.0,118.75
2024-01-10 02:00:00,0.7610016,-2.6965485,270.9818,276.61835,0.0,32.0,118.75
2024-01-10 03:00:00,1.0948944,-2.7651978,270.67603,276.96368,0.0,32.0,118.75
2024-01-10 04:00:00,1.4928131,-2.8779144,270.7757,277.49725,0.0,32.0,118.75
2024-01-10 05:00:00,1.3330994,-2.9664764,269.60425,279.55533,0.0,32.0,118.75
2024-01-10 06:00:00,0.94073486,-2.858017,269.40698,279.77237,0.0,32.0,118.75
2024-01-10 07:00:00,0.49508667,-2.579132,269.42328,279.85294,0.0,32.0,118.75
2024-01-10 08:00:00,0.051879883,-2.049057,269.19662,279.107,0.0,32.0,118.75
2024-01-10 09:00:00,-0.5163574,-1.6504059,269.8244,278.80377,0.0,32.0,118.75
2024-01-10 10:00:00,-0.9754181,-0.2892456,269.8069,275.7223,0.0,32.0,118.75
2024-01-10 11:00:00,-1.7556152,0.158432,270.2096,274.4132,0.0,32.0,118.75
2024-01-10 12:00:00,-2.0377655,0.6678467,270.3944,273.32172,0.0,32.0,118.75
2024-01-10 13:00:00,-2.1549072,1.3676453,270.16046,272.72134,0.0,32.0,118.75
2024-01-10 14:00:00,-1.7828064,1.6349335,269.91684,271.91626,0.0,32.0,118.75
2024-01-10 15:00:00,-1.2779236,1.6447296,269.8081,271.8336,0.0,32.0,118.75
2024-01-10 16:00:00,-1.0662842,1.7159576,269.62787,271.63293,0.0,32.0,118.75
2024-01-10 17:00:00,-0.6265259,1.9698486,269.30084,270.95923,0.0,32.0,118.75
2024-01-10 18:00:00,-0.29782104,2.0918732,269.4881,271.2328,0.0,32.0,118.75
2024-01-10 19:00:00,-0.24909973,1.9930267,269.75568,271.55347,0.0,32.0,118.75
2024-01-10 20:00:00,-0.24423218,1.9992065,269.72327,271.03348,0.0,32.0,118.75
2024-01-10 21:00:00,-0.21366882,2.097229,270.01315,271.41595,0.0,32.0,118.75
2024-01-10 22:00:00,-0.23527527,2.1595306,271.12378,272.41513,0.0,32.0,118.75
2024-01-10 23:00:00,-0.033737183,2.5870056,271.18695,272.47955,0.0,32.0,118.75
2024-01-11 00:00:00,0.016998291,3.3738708,271.1591,272.6513,0.0,32.0,118.75
2024-01-11 01:00:00,0.2454834,3.0564117,271.70233,273.39624,0.0,32.0,118.75
2024-01-11 02:00:00,0.84568787,3.2322388,272.82098,280.84216,0.0,32.0,118.75
2024-01-11 03:00:00,1.4473877,3.3270264,272.95337,281.3142,0.0,32.0,118.75
2024-01-11 04:00:00,1.9240265,3.2240143,273.40192,282.0757,0.0,32.0,118.75
2024-01-11 05:00:00,2.2636414,3.1546936,273.5995,286.49225,0.0,32.0,118.75
2024-01-11 06:00:00,2.3806763,3.1274872,273.5347,286.73364,0.0,32.0,118.75
2024-01-11 07:00:00,2.2552185,3.0150146,273.4581,286.86417,0.0,32.0,118.75
2024-01-11 08:00:00,1.3620148,2.1896973,273.70905,285.65796,0.0,32.0,118.75
2024-01-11 09:00:00,0.846405,2.1041412,273.77747,284.8802,0.0,32.0,118.75
2024-01-11 10:00:00,0.9686737,2.1822662,273.89886,279.50812,0.0,32.0,118.75
2024-01-11 11:00:00,1.2281952,2.3205414,273.77072,279.5674,0.0,32.0,118.75
2024-01-11 12:00:00,1.3243713,2.421341,273.68723,279.7002,0.0,32.0,118.75
2024-01-11 13:00:00,1.5603333,2.4843292,273.4801,279.6561,0.0,32.0,118.75
2024-01-11 14:00:00,1.7936859,2.392273,273.8092,278.5922,0.0,32.0,118.75
2024-01-11 15:00:00,1.9996033,2.199707,273.92944,278.5452,0.0,32.0,118.75
2024-01-11 16:00:00,2.0416107,1.9337158,273.99786,278.07922,0.0,32.0,118.75
2024-01-11 17:00:00,1.9886322,1.6638947,274.06488,276.9953,0.0,32.0,118.75
2024-01-11 18:00:00,1.9484711,1.4785767,274.0672,276.60007,0.0,32.0,118.75
2024-01-11 19:00:00,1.9222412,1.2002106,273.75092,276.18933,0.0,32.0,118.75
2024-01-11 20:00:00,1.9305878,0.929245,273.16876,274.62286,0.0,32.0,118.75
2024-01-11 21:00:00,1.8959503,0.83418274,273.11304,274.60046,0.0,32.0,118.75
2024-01-11 22:00:00,2.0994415,1.3865051,273.4679,274.5451,0.0,32.0,118.75
2024-01-11 23:00:00,1.7131958,1.4148407,273.63214,274.8028,0.0,32.0,118.75
2024-01-12 00:00:00,1.9051056,1.4647675,274.0083,275.519,0.0,32.0,118.75
2024-01-12 01:00:00,1.7980347,1.1318359,274.351,276.68283,0.0,32.0,118.75
2024-01-12 02:00:00,1.885315,0.97602844,276.5559,285.18665,0.0,32.0,118.75
2024-01-12 03:00:00,2.0678406,0.8729553,276.48587,285.9549,0.0,32.0,118.75
2024-01-12 04:00:00,2.40477,0.5316162,276.8021,286.68262,0.0,32.0,118.75
2024-01-12 05:00:00,2.7501373,0.22128296,277.02032,289.3704,0.0,32.0,118.75
2024-01-12 06:00:00,2.7725372,-0.124694824,277.2387,289.58148,0.0,32.0,118.75
2024-01-12 07:00:00,2.562027,-0.43655396,277.23618,289.56705,0.0,32.0,118.75
2024-01-12 08:00:00,1.3918762,-0.44877625,277.82617,287.83563,0.0,32.0,118.75
2024-01-12 09:00:00,1.8743744,-0.75135803,277.73718,287.20905,0.0,32.0,118.75
2024-01-12 10:00:00,1.7731018,-0.58869934,277.43744,283.5365,0.0,32.0,118.75
2024-01-12 11:00:00,0.95433044,-0.23435974,277.27563,283.24744,0.0,32.0,118.75
2024-01-12 12:00:00,-0.25532532,0.21963501,277.52826,283.0772,0.0,32.0,118.75
2024-01-12 13:00:00,-0.64604187,-0.16429138,277.4275,281.67026,0.0,32.0,118.75
2024-01-12 14:00:00,-1.1938782,-0.101989746,276.6532,279.3089,0.0,32.0,118.75
2024-01-12 15:00:00,-1.6092072,-0.23272705,276.75464,279.32965,0.0,32.0,118.75
2024-01-12 16:00:00,-2.026703,-0.17124939,276.48245,278.51727,0.0,32.0,118.75
2024-01-12 17:00:00,-2.2893372,0.0042877197,275.9206,276.90225,0.0,32.0,118.75
2024-01-12 18:00:00,-2.4413452,0.3312683,275.28445,276.00867,0.0,32.0,118.75
2024-01-12 19:00:00,-2.4927368,0.47200012,275.11212,275.7821,0.0,32.0,118.75
2024-01-12 20:00:00,-2.5017853,0.49406433,274.38544,274.65497,0.0,32.0,118.75
2024-01-12 21:00:00,-2.2369385,0.3190155,274.39276,274.61475,0.0,32.0,118.75
2024-01-12 22:00:00,-2.0890503,0.19729614,274.3866,274.51056,0.0,32.0,118.75
2024-01-12 23:00:00,-1.6338043,0.42437744,274.54797,274.67438,0.0,32.0,118.75
2024-01-13 00:00:00,-2.1628876,0.96928406,274.85663,275.12622,0.0,32.0,118.75
2024-01-13 01:00:00,-1.6588898,0.8088379,275.58118,276.2088,0.0,32.0,118.75
2024-01-13 02:00:00,-1.6628418,0.97052,279.47223,284.961,0.0,32.0,118.75
2024-01-13 03:00:00,-1.8648834,1.37677,279.29626,285.8295,0.0,32.0,118.75
2024-01-13 04:00:00,-1.9427338,1.7963104,278.6878,286.5747,0.0,32.0,118.75
2024-01-13 05:00:00,-2.0215912,1.9082794,278.1413,290.53247,0.0,32.0,118.75
2024-01-13 06:00:00,-2.215271,1.9232025,278.03375,290.65717,0.0,32.0,118.75
2024-01-13 07:00:00,-2.5466003,1.9788055,277.995,290.8109,0.0,32.0,118.75
2024-01-13 08:00:00,-2.2178802,1.5263824,278.42157,289.2425,0.0,32.0,118.75
2024-01-13 09:00:00,-2.2705078,1.4923553,278.29785,288.57648,0.0,32.0,118.75
2024-01-13 10:00:00,-2.761963,1.80336,277.95435,284.5672,0.0,32.0,118.75
2024-01-13 11:00:00,-2.921463,2.2207184,277.81024,284.2658,0.0,32.0,118.75
2024-01-13 12:00:00,-2.8928223,2.6468048,277.62808,283.96042,0.0,32.0,118.75
2024-01-13 13:00:00,-2.7149353,3.0158844,277.3365,283.68274,0.0,32.0,118.75
2024-01-13 14:00:00,-2.4972534,3.215393,277.48743,282.93152,0.0,32.0,118.75
2024-01-13 15:00:00,-2.1815338,3.1390991,276.94568,281.4248,0.0,32.0,118.75
2024-01-13 16:00:00,-1.909729,2.9506989,276.6482,281.09387,0.0,32.0,118.75
2024-01-13 17:00:00,-1.6157074,2.727295,276.07104,279.41754,0.0,32.0,118.75
2024-01-13 18:00:00,-1.2039795,2.5974426,276.06573,278.89,0.0,32.0,118.75
2024-01-13 19:00:00,-0.5579529,2.3050385,275.6905,277.9563,0.0,32.0,118.75
2024-01-13 20:00:00,0.02973938,2.2691193,275.24475,276.94116,0.0,32.0,118.75
2024-01-13 21:00:00,0.39141846,2.6027832,274.89362,276.63464,0.0,32.0,118.75
2024-01-13 22:00:00,1.1862946,2.7998657,275.07324,276.82605,0.0,32.0,118.75
2024-01-13 23:00:00,0.82373047,2.0014496,275.33588,277.18274,0.0,32.0,118.75
2024-01-14 00:00:00,1.7954712,1.549408,276.4049,279.3308,0.0,32.0,118.75
2024-01-14 01:00:00,2.6381683,0.9316559,277.41492,281.15247,0.0,32.0,118.75
2024-01-14 02:00:00,2.281601,0.25798035,278.74838,285.5229,0.0002617836,32.0,118.75
2024-01-14 03:00:00,2.677353,-1.2957001,279.67065,286.28345,7.05719e-05,32.0,118.75
2024-01-14 04:00:00,2.2433014,-2.787735,280.44275,286.0509,0.00030708313,32.0,118.75
2024-01-14 05:00:00,1.4397888,-3.7835236,279.12073,285.8103,9.536743e-07,32.0,118.75
2024-01-14 06:00:00,0.6753235,-4.615921,278.74518,285.29044,0.0,32.0,118.75
2024-01-14 07:00:00,-0.1517334,-5.1733246,278.46814,284.6281,0.00014019012,32.0,118.75
2024-01-14 08:00:00,-0.58262634,-5.6918335,277.39453,282.1693,3.33786e-06,32.0,118.75
2024-01-14 09:00:00,-1.1394653,-6.092758,277.05548,281.7044,1.4305115e-06,32.0,118.75
2024-01-14 10:00:00,-1.4159241,-5.5591736,274.41724,279.2362,4.7683716e-07,32.0,118.75
2024-01-14 11:00:00,-1.6135712,-5.181595,274.16034,278.8742,1.4305115e-06,32.0,118.75
2024-01-14 12:00:00,-1.6533966,-5.141556,274.05927,278.89566,0.0,32.0,118.75
2024-01-14 13:00:00,-1.9025116,-5.206848,273.8741,279.05945,0.0,32.0,118.75
2024-01-14 14:00:00,-1.9983826,-4.9533234,272.1004,277.95563,0.0,32.0,118.75
2024-01-14 15:00:00,-1.9935455,-4.775589,271.003,277.21533,0.0,32.0,118.75
2024-01-14 16:00:00,-1.7323608,-4.376541,271.06503,277.22302,0.0,32.0,118.75
2024-01-14 17:00:00,-1.5278168,-4.1218567,270.04965,275.58554,0.0,32.0,118.75
2024-01-14 18:00:00,-1.292572,-3.84552,270.18475,275.15875,0.0,32.0,118.75
2024-01-14 19:00:00,-1.0320282,-3.7080383,270.25256,274.6805,0.0,32.0,118.75
2024-01-14 20:00:00,-1.0198822,-3.5907898,269.33902,272.9848,0.0,32.0,118.75
2024-01-14 21:00:00,-1.1531525,-3.4130554,269.5069,272.6955,0.0,32.0,118.75
2024-01-14 22:00:00,-0.97662354,-2.926361,269.22275,271.90417,0.0,32.0,118.75
2024-01-14 23:00:00,-1.3292389,-2.92482,269.4787,271.79507,0.0,32.0,118.75
2024-01-15 00:00:00,-2.0007477,-2.9506683,269.62018,272.18243,0.0,32.0,118.75
2024-01-15 01:00:00,-2.9361572,-2.815155,269.4884,272.94562,0.0,32.0,118.75
2024-01-15 02:00:00,-2.986786,-2.3521118,269.5951,276.59332,0.0,32.0,118.75
2024-01-15 03:00:00,-2.5753632,-1.8136444,268.83884,276.85602,0.0,32.0,118.75
2024-01-15 04:00:00,-2.400772,-1.5487976,269.16953,277.17435,0.0,32.0,118.75
2024-01-15 05:00:00,-2.439804,-1.2577515,269.40247,279.5713,0.0,32.0,118.75
2024-01-15 06:00:00,-2.5394287,-0.9521942,269.61768,279.74982,0.0,32.0,118.75
2024-01-15 07:00:00,-2.7708282,-0.69270325,269.7643,279.8507,0.0,32.0,118.75
2024-01-15 08:00:00,-2.7483673,-0.5496063,269.79016,279.07983,0.0,32.0,118.75
2024-01-15 09:00:00,-1.5659943,-0.62275696,270.3774,278.60287,0.0,32.0,118.75
2024-01-15 10:00:00,-1.5749664,-0.96910095,270.5866,276.3188,0.0,32.0,118.75
2024-01-15 11:00:00,-1.7557678,-1.3246765,270.81244,276.26276,0.0,32.0,118.75
2024-01-15 12:00:00,-2.310913,-1.2936096,270.9303,276.13306,0.0,32.0,118.75
2024-01-15 13:00:00,-3.0149994,-0.8717804,270.91602,276.15717,0.0,32.0,118.75
2024-01-15 14:00:00,-3.6299133,-0.2510376,271.1018,275.6328,0.0,32.0,118.75
2024-01-15 15:00:00,-4.1060944,0.21907043,271.0138,275.03732,0.0,32.0,118.75
2024-01-15 16:00:00,-4.2321167,0.38461304,270.87607,274.65558,0.0,32.0,118.75
2024-01-15 17:00:00,-4.055832,0.13996887,270.81268,273.6897,0.0,32.0,118.75
2024-01-15 18:00:00,-4.12265,0.0541687,270.7593,273.8346,0.0,32.0,118.75
2024-01-15 19:00:00,-4.252121,0.15899658,270.7342,273.7646,0.0,32.0,118.75
2024-01-15 20:00:00,-4.0419006,-0.09825134,271.30228,273.8899,0.0,32.0,118.75
2024-01-15 21:00:00,-3.9259186,-0.37132263,271.11572,273.99475,0.0,32.0,118.75
2024-01-15 22:00:00,-4.006378,-0.20729065,272.26175,275.24692,0.0,32.0,118.75
2024-01-15 23:00:00,-4.386383,-0.15965271,272.1454,275.23474,0.0,32.0,118.75
2024-01-16 00:00:00,-4.3106537,-0.4834137,272.29657,275.56595,0.0,32.0,118.75
2024-01-16 01:00:00,-4.8871613,-0.31349182,272.31616,275.7536,0.0,32.0,118.75
2024-01-16 02:00:00,-5.7175446,1.029541,273.65448,278.55777,0.0,32.0,118.75
2024-01-16 03:00:00,-5.6624146,1.896698,273.70068,279.02188,0.0,32.0,118.75
2024-01-16 04:00:00,-5.272064,1.6520233,273.67938,279.55194,0.0,32.0,118.75
2024-01-16 05:00:00,-5.039978,1.5258484,274.66095,281.39587,0.0,32.0,118.75
2024-01-16 06:00:00,-4.8764954,1.4190063,274.57086,281.36798,0.0,32.0,118.75
2024-01-16 07:00:00,-4.580124,1.4675903,274.65643,281.6284,0.0,32.0,118.75
2024-01-16 08:00:00,-4.1594696,1.1242828,275.1933,281.54047,0.0,32.0,118.75
2024-01-16 09:00:00,-3.924286,0.7751007,275.0497,281.21646,0.0,32.0,118.75
2024-01-16 10:00:00,-3.5685577,0.72358704,275.41437,281.31216,9.536743e-07,32.0,118.75
2024-01-16 11:00:00,-3.6884003,0.88531494,275.37457,281.4088,2.3841858e-06,32.0,118.75
2024-01-16 12:00:00,-3.8086548,1.0506592,275.89673,281.0205,0.0011210442,32.0,118.75
2024-01-16 13:00:00,-3.7827454,1.123703,276.63904,280.51056,0.00083732605,32.0,118.75
2024-01-16 14:00:00,-3.5123901,1.6304779,277.0784,280.2017,0.0003042221,32.0,118.75
2024-01-16 15:00:00,-3.271103,1.6056671,277.04483,280.00565,1.1444092e-05,32.0,118.75
2024-01-16 16:00:00,-3.149002,1.3986816,276.7973,279.84735,0.0,32.0,118.75
2024-01-16 17:00:00,-2.5641327,1.3859406,276.9949,279.87964,0.0,32.0,118.75
2024-01-16 18:00:00,-2.1136322,1.3976593,277.06,280.04092,0.0,32.0,118.75
2024-01-16 19:00:00,-2.0816803,1.4927063,276.96027,279.78732,0.00010919571,32.0,118.75
2024-01-16 20:00:00,-1.3441467,1.3459473,276.91843,279.44275,6.6280365e-05,32.0,118.75
2024-01-16 21:00:00,-0.95022583,1.1290588,276.93082,279.65942,1.4305115e-06,32.0,118.75
2024-01-16 22:00:00,-0.8260498,0.9751282,277.7113,279.4485,0.0,32.0,118.75
2024-01-16 23:00:00,0.5743561,0.9110718,277.95953,279.54184,1.9073486e-06,32.0,118.75
2024-01-17 00:00:00,1.0242004,-0.011276245,277.9467,279.68842,1.1920929e-05,32.0,118.75
2024-01-17 01:00:00,1.3214111,0.088638306,278.1159,279.83023,8.2969666e-05,32.0,118.75
2024-01-17 02:00:00,1.458786,-0.074142456,278.72388,281.6908,0.0002937317,32.0,118.75
2024-01-17 03:00:00,1.4912415,0.012954712,278.7086,281.93042,0.0007829666,32.0,118.75
2024-01-17 04:00:00,2.3140106,-0.26087952,278.94534,282.05606,0.00045490265,32.0,118.75
2024-01-17 05:00:00,2.7558136,-1.0704193,279.0527,281.75348,0.0007882118,32.0,118.75
2024-01-17 06:00:00,2.140976,-1.4655914,279.21002,281.36362,0.0003643036,32.0,118.75
2024-01-17 07:00:00,1.7892914,-1.5960236,279.29593,281.0089,0.00038433075,32.0,118.75
2024-01-17 08:00:00,1.6311646,-1.7536316,279.0566,280.3755,0.0004749298,32.0,118.75
2024-01-17 09:00:00,1.1739655,-1.5920563,279.23642,280.67123,0.0007777214,32.0,118.75
2024-01-17 10:00:00,0.7560425,-1.4699554,278.59448,279.3657,0.000787735,32.0,118.75
2024-01-17 11:00:00,0.62857056,-1.2745819,278.5843,279.66617,0.00070762634,32.0,118.75
2024-01-17 12:00:00,0.48529053,-1.1792603,278.55255,279.90393,0.0007610321,32.0,118.75
2024-01-17 13:00:00,1.1503296,-1.7438507,278.46637,279.8713,0.001045227,32.0,118.75
2024-01-17 14:00:00,1.1387177,-2.3574677,278.24835,279.42487,0.0009799004,32.0,118.75
2024-01-17 15:00:00,1.0231781,-2.6873627,278.01093,279.14047,0.0006375313,32.0,118.75
2024-01-17 16:00:00,0.7007141,-2.6378021,278.02606,279.21387,0.0006990433,32.0,118.75
2024-01-17 17:00:00,0.29180908,-2.4750366,277.7298,278.75293,0.0011663437,32.0,118.75
2024-01-17 18:00:00,0.14491272,-2.4151,277.78622,278.7754,0.0013656616,32.0,118.75
2024-01-17 19:00:00,-0.06750488,-2.2823334,277.8565,278.83533,0.0013904572,32.0,118.75
2024-01-17 20:00:00,0.017593384,-2.3994293,277.69348,278.61456,0.0014977455,32.0,118.75
2024-01-17 21:00:00,-0.14233398,-2.545288,277.52798,278.4634,0.00092220306,32.0,118.75
2024-01-17 22:00:00,-0.72257996,-2.4753723,277.3866,278.15274,0.00066804886,32.0,118.75
2024-01-17 23:00:00,-0.68177795,-2.823944,277.477,278.14377,0.00076818466,32.0,118.75
2024-01-18 00:00:00,-0.3652649,-2.9134674,277.57208,278.1698,0.0006723404,32.0,118.75
2024-01-18 01:00:00,-0.8470154,-2.7704163,277.5912,278.10675,0.00087976456,32.0,118.75
2024-01-18 02:00:00,-1.6681213,-2.4755096,277.76862,278.61295,0.0006594658,32.0,118.75
2024-01-18 03:00:00,-0.8961792,-2.6613312,277.8636,278.32944,0.0007042885,32.0,118.75
2024-01-18 04:00:00,-0.49235535,-3.159134,277.95624,278.20648,0.00060272217,32.0,118.75
2024-01-18 05:00:00,-0.99890137,-3.2989502,277.99393,278.1225,0.00033473969,32.0,118.75
2024-01-18 06:00:00,-1.6156616,-3.2616577,278.078,278.0942,0.00016880035,32.0,118.75
2024-01-18 07:00:00,-1.8707428,-3.157669,278.2792,278.39978,0.00014305115,32.0,118.75
2024-01-18 08:00:00,-1.7397614,-2.7977753,278.49115,278.49243,0.00014019012,32.0,118.75
2024-01-18 09:00:00,-1.5381165,-2.6600647,278.7129,278.76605,0.00012779236,32.0,118.75
2024-01-18 10:00:00,-1.6803436,-2.46846,278.82996,278.9663,0.0001373291,32.0,118.75
2024-01-18 11:00:00,-2.1615143,-2.897049,278.94867,279.1458,0.00027656555,32.0,118.75
2024-01-18 12:00:00,-2.4414825,-2.8880615,279.0027,279.28958,0.00023841858,32.0,118.75
2024-01-18 13:00:00,-2.4058075,-2.6540985,279.04272,279.417,0.00013303757,32.0,118.75
2024-01-18 14:00:00,-2.8661041,-2.8855743,278.59863,279.12994,0.00020647049,32.0,118.75
2024-01-18 15:00:00,-3.1664734,-3.087082,278.47137,279.0559,0.0002770424,32.0,118.75
2024-01-18 16:00:00,-3.187378,-3.357666,278.32654,279.02863,0.00027370453,32.0,118.75
2024-01-18 17:00:00,-2.9624786,-3.4526062,277.82086,278.4719,0.00014448166,32.0,118.75
2024-01-18 18:00:00,-2.6767426,-3.2877808,277.75467,278.41916,0.0005030632,32.0,118.75
2024-01-18 19:00:00,-2.9537964,-3.2804718,277.70926,278.33365,0.00034952164,32.0,118.75
2024-01-18 20:00:00,-3.3094788,-3.2969818,277.10938,277.8518,7.724762e-05,32.0,118.75
2024-01-18 21:00:00,-3.1021576,-3.1772156,277.0064,277.71606,7.6293945e-05,32.0,118.75
2024-01-18 22:00:00,-2.7932892,-3.1307373,276.6667,277.4328,0.00018787384,32.0,118.75
2024-01-18 23:00:00,-2.4986267,-3.5075378,276.64963,277.3727,0.00014734268,32.0,118.75
2024-01-19 00:00:00,-2.7309265,-3.3348694,276.68243,277.33838,8.583069e-05,32.0,118.75
2024-01-19 01:00:00,-2.5436554,-3.3060608,276.5537,277.19452,1.7166138e-05,32.0,118.75
2024-01-19 02:00:00,-2.8841248,-3.312317,276.72992,277.1876,0.000106334686,32.0,118.75
2024-01-19 03:00:00,-2.444992,-3.3790436,276.69702,277.01917,8.72612e-05,32.0,118.75
2024-01-19 04:00:00,-1.8911133,-3.7308807,276.7824,277.16718,4.386902e-05,32.0,118.75
2024-01-19 05:00:00,-1.9886932,-3.9113464,276.45908,276.85345,7.104874e-05,32.0,118.75
2024-01-19 06:00:00,-2.16333,-4.0489197,276.36237,276.66425,2.527237e-05,32.0,118.75
2024-01-19 07:00:00,-2.0726776,-4.1523743,276.25815,276.5374,0.00014781952,32.0,118.75
2024-01-19 08:00:00,-1.7704163,-3.9094849,276.04556,276.50708,0.0003786087,32.0,118.75
2024-01-19 09:00:00,-1.6053619,-3.7310028,275.9682,276.599,0.0005259514,32.0,118.75
2024-01-19 10:00:00,-0.84332275,-3.3565674,276.28616,276.513,0.00068712234,32.0,118.75
2024-01-19 11:00:00,-0.75115967,-3.5929718,276.22928,276.534,0.00078964233,32.0,118.75
2024-01-19 12:00:00,-0.20610046,-3.526947,276.2623,276.6277,0.0006132126,32.0,118.75
2024-01-19 13:00:00,0.05078125,-3.7805176,276.25998,276.57642,0.00048732758,32.0,118.75
2024-01-19 14:00:00,0.0617218,-3.8589478,275.98334,276.41403,0.000497818,32.0,118.75
2024-01-19 15:00:00,0.12980652,-3.844818,275.6743,276.10138,0.00074386597,32.0,118.75
2024-01-19 16:00:00,0.6906128,-3.896225,275.6039,276.06177,0.0005607605,32.0,118.75
2024-01-19 17:00:00,1.0271454,-3.605362,275.1322,275.70032,0.0010256767,32.0,118.75
2024-01-19 18:00:00,1.2049255,-3.4520721,275.05984,275.55542,0.0011124611,32.0,118.75
2024-01-19 19:00:00,1.1867065,-3.670517,274.89105,275.40433,0.0011491776,32.0,118.75
2024-01-19 20:00:00,1.2991486,-3.5755463,274.53964,274.92975,0.00088500977,32.0,118.75
2024-01-19 21:00:00,1.7163849,-3.3995667,274.38412,274.62222,0.00044059753,32.0,118.75
2024-01-19 22:00:00,2.088852,-2.8576202,274.25574,274.4316,0.00026988983,32.0,118.75
2024-01-19 23:00:00,1.9699554,-2.8608093,274.276,274.52887,0.00012636185,32.0,118.75
2024-01-20 00:00:00,2.326126,-4.2196045,274.21732,274.59033,3.9100647e-05,32.0,118.75
2024-01-20 01:00:00,2.5427551,-4.203583,274.2044,274.78027,1.001358e-05,32.0,118.75
2024-01-20 02:00:00,2.4499512,-3.2876434,274.39636,275.30762,9.536743e-07,32.0,118.75
2024-01-20 03:00:00,2.5098267,-3.3304749,274.3947,275.7317,4.7683716e-07,32.0,118.75
2024-01-20 04:00:00,2.5648346,-3.1379395,274.16483,275.53784,4.7683716e-07,32.0,118.75
2024-01-20 05:00:00,2.3746033,-3.115799,273.8549,275.86697,0.0,32.0,118.75
2024-01-20 06:00:00,2.357788,-2.9127655,273.9525,276.34198,0.0,32.0,118.75
2024-01-20 07:00:00,2.4027252,-2.7395325,273.79266,276.13135,0.0,32.0,118.75
2024-01-20 08:00:00,2.1766052,-2.8136902,273.74026,276.2881,0.0,32.0,118.75
2024-01-20 09:00:00,1.9388275,-3.0280457,273.72495,276.34622,0.0,32.0,118.75
2024-01-20 10:00:00,2.2637787,-2.6613007,273.57373,275.9895,0.0,32.0,118.75
2024-01-20 11:00:00,2.0154724,-3.181076,273.7506,276.2497,0.0,32.0,118.75
2024-01-20 12:00:00,1.4430084,-3.0446472,273.9402,276.41272,0.0,32.0,118.75
2024-01-20 13:00:00,1.5256348,-1.848053,274.1118,276.74274,0.0,32.0,118.75
2024-01-20 14:00:00,2.0374603,-1.8891754,274.14594,276.6225,0.0,32.0,118.75
2024-01-20 15:00:00,2.1339874,-2.435257,274.38452,276.45413,0.0,32.0,118.75
2024-01-20 16:00:00,1.763855,-2.666565,274.58423,276.2905,0.0,32.0,118.75
2024-01-20 17:00:00,1.2573547,-2.5424042,274.3098,275.7513,4.7683716e-07,32.0,118.75
2024-01-20 18:00:00,1.0447388,-2.5874329,274.38873,275.30533,0.0,32.0,118.75
2024-01-20 19:00:00,0.6640167,-2.4311523,274.44153,275.1853,9.536743e-07,32.0,118.75
2024-01-20 20:00:00,0.51327515,-2.6463623,274.11804,274.5865,2.3841858e-06,32.0,118.75
2024-01-20 21:00:00,0.44673157,-3.0087128,273.67108,274.49963,2.861023e-06,32.0,118.75
2024-01-20 22:00:00,0.38237,-2.907196,273.37457,275.26636,1.9073486e-06,32.0,118.75
2024-01-20 23:00:00,-0.11933899,-3.1332703,272.74323,274.9668,1.4305115e-06,32.0,118.75
2024-01-21 00:00:00,-0.24250793,-3.2333984,272.24274,274.65042,9.536743e-07,32.0,118.75
2024-01-21 01:00:00,-0.13217163,-3.6073608,272.107,274.41232,0.0,32.0,118.75
2024-01-21 02:00:00,0.043670654,-3.9014893,272.12695,275.19946,0.0,32.0,118.75
2024-01-21 03:00:00,-0.0065307617,-4.114105,271.90063,275.50208,0.0,32.0,118.75
2024-01-21 04:00:00,0.07989502,-4.1875153,272.32602,275.65607,0.0,32.0,118.75
2024-01-21 05:00:00,0.08480835,-4.2667236,271.9411,276.34387,0.0,32.0,118.75
2024-01-21 06:00:00,-0.37139893,-4.489609,271.9655,276.28406,0.0,32.0,118.75
2024-01-21 07:00:00,-0.794693,-4.7922974,271.98413,276.33453,0.0,32.0,118.75
2024-01-21 08:00:00,-1.2623749,-4.849365,271.2132,275.67877,0.0,32.0,118.75
2024-01-21 09:00:00,-1.3690491,-4.64505,271.05313,275.26797,0.0,32.0,118.75
2024-01-21 10:00:00,-0.9243164,-3.9647827,270.42865,274.58557,0.0,32.0,118.75
2024-01-21 11:00:00,-1.0510406,-3.511963,270.32822,274.4397,0.0,32.0,118.75
2024-01-21 12:00:00,-0.7197418,-3.2912445,270.05054,274.44745,0.0,32.0,118.75
2024-01-21 13:00:00,-1.0246887,-3.5892792,270.1651,274.409,0.0,32.0,118.75
2024-01-21 14:00:00,-1.240799,-3.4474182,269.01257,274.0379,0.0,32.0,118.75
2024-01-21 15:00:00,-1.2709503,-3.2125244,268.6541,273.68567,9.536743e-07,32.0,118.75
2024-01-21 16:00:00,-0.7440796,-3.1495514,269.2917,272.8866,0.0,32.0,118.75
2024-01-21 17:00:00,-0.568573,-3.447937,268.4938,272.6113,1.4305115e-06,32.0,118.75
2024-01-21 18:00:00,-0.69670105,-3.5047607,268.9248,272.83926,8.583069e-06,32.0,118.75
2024-01-21 19:00:00,-1.0766296,-3.9842377,268.9157,273.2701,2.861023e-05,32.0,118.75
2024-01-21 20:00:00,-1.3370056,-4.5106354,267.67056,272.20532,2.4795532e-05,32.0,118.75
2024-01-21 21:00:00,-1.1823425,-4.917923,267.1358,272.09088,1.2397766e-05,32.0,118.75
2024-01-21 22:00:00,-0.95158386,-4.4378815,265.0752,270.68866,1.9073486e-06,32.0,118.75
2024-01-21 23:00:00,-0.41793823,-4.829361,264.3208,270.1506,0.0,32.0,118.75
2024-01-22 00:00:00,-0.39953613,-5.367111,263.20013,269.92712,0.0,32.0,118.75
2024-01-22 01:00:00,-0.041793823,-5.345169,261.8487,269.7492,0.0,32.0,118.75
2024-01-22 02:00:00,0.17292786,-5.128174,259.97534,270.60437,0.0,32.0,118.75
2024-01-22 03:00:00,0.49191284,-5.056137,259.59357,270.64874,0.0,32.0,118.75
2024-01-22 04:00:00,0.97940063,-5.3331146,259.77155,270.92395,0.0,32.0,118.75
2024-01-22 05:00:00,1.0608215,-5.571472,259.2459,271.162,0.0,32.0,118.75
2024-01-22 06:00:00,0.9741211,-5.6002197,259.24976,271.22375,0.0,32.0,118.75
2024-01-22 07:00:00,0.9879761,-5.471039,259.4926,271.1568,0.0,32.0,118.75
2024-01-22 08:00:00,0.89567566,-4.855133,258.81146,270.30585,0.0,32.0,118.75
2024-01-22 09:00:00,0.6676941,-4.3405457,258.64752,270.16986,0.0,32.0,118.75
2024-01-22 10:00:00,0.57063293,-3.5252686,259.41824,269.6445,0.0,32.0,118.75
2024-01-22 11:00:00,0.56744385,-3.3029327,259.84937,269.67108,0.0,32.0,118.75
2024-01-22 12:00:00,0.7341919,-2.9923553,260.0448,269.73267,0.0,32.0,118.75
2024-01-22 13:00:00,0.84895325,-2.6438904,260.3148,269.80286,0.0,32.0,118.75
2024-01-22 14:00:00,0.9662323,-2.7258148,260.98645,269.1458,0.0,32.0,118.75
2024-01-22 15:00:00,1.0028534,-2.8731842,261.34756,268.42688,0.0,32.0,118.75
2024-01-22 16:00:00,0.9111023,-3.1270294,261.89993,268.23386,0.0,32.0,118.75
2024-01-22 17:00:00,0.9527893,-2.8698425,261.94324,267.3801,0.0,32.0,118.75
2024-01-22 18:00:00,1.1010284,-2.7383575,262.07343,267.30096,0.0,32.0,118.75
2024-01-22 19:00:00,0.97662354,-2.5530853,262.11804,267.36676,0.0,32.0,118.75
2024-01-22 20:00:00,1.2805939,-2.5584564,261.90668,266.73083,0.0,32.0,118.75
2024-01-22 21:00:00,1.5346832,-2.4796753,261.65436,266.7375,0.0,32.0,118.75
2024-01-22 22:00:00,1.5681915,-2.3871765,261.9931,266.95734,0.0,32.0,118.75
2024-01-22 23:00:00,1.485733,-2.5223846,262.01813,266.7188,0.0,32.0,118.75
2024-01-23 00:00:00,1.9535522,-2.8394165,261.49133,267.2616,0.0,32.0,118.75
2024-01-23 01:00:00,2.1470337,-3.8007355,259.87753,267.4654,0.0,32.0,118.75
2024-01-23 02:00:00,2.4399567,-3.792328,258.10413,270.41852,0.0,32.0,118.75
2024-01-23 03:00:00,2.4889984,-3.7012482,257.9124,270.434,0.0,32.0,118.75
2024-01-23 04:00:00,2.4424896,-3.8922272,257.92526,270.3996,0.0,32.0,118.75
2024-01-23 05:00:00,2.672638,-4.1383057,258.3899,272.29523,0.0,32.0,118.75
2024-01-23 06:00:00,2.7216187,-4.1022034,258.2712,272.3811,0.0,32.0,118.75
2024-01-23 07:00:00,2.7359161,-3.9595795,258.23724,272.46597,0.0,32.0,118.75
2024-01-23 08:00:00,2.8091125,-3.556015,258.33878,272.33786,0.0,32.0,118.75
2024-01-23 09:00:00,2.2010803,-2.5121918,258.48495,272.14893,0.0,32.0,118.75
2024-01-23 10:00:00,1.8491058,-1.3476715,261.08997,270.49268,0.0,32.0,118.75
2024-01-23 11:00:00,2.2076874,-1.1151581,261.59998,270.1917,0.0,32.0,118.75
2024-01-23 12:00:00,2.5693054,-0.7988739,261.84796,270.35168,0.0,32.0,118.75
2024-01-23 13:00:00,2.833603,-0.6557312,261.65237,270.32178,0.0,32.0,118.75
2024-01-23 14:00:00,2.8253632,-0.7783966,262.1587,269.3877,0.0,32.0,118.75
2024-01-23 15:00:00,2.6442108,-0.8058777,262.5239,269.1132,0.0,32.0,118.75
2024-01-23 16:00:00,2.7366638,-0.7888489,262.7024,268.88403,0.0,32.0,118.75
2024-01-23 17:00:00,2.6729126,-0.95329285,263.063,268.29062,0.0,32.0,118.75
2024-01-23 18:00:00,2.3032837,-0.88412476,263.11273,268.2401,0.0,32.0,118.75
2024-01-23 19:00:00,2.0804596,-0.8999634,263.33716,268.1643,0.0,32.0,118.75
2024-01-23 20:00:00,1.8573456,-0.99453735,263.48712,267.41693,0.0,32.0,118.75
2024-01-23 21:00:00,1.7463379,-0.94462585,263.3012,267.55475,0.0,32.0,118.75
2024-01-23 22:00:00,1.904602,-0.83247375,264.27588,267.8498,0.0,32.0,118.75
2024-01-23 23:00:00,2.1532288,-0.5801697,264.36908,267.70453,0.0,32.0,118.75
2024-01-24 00:00:00,2.3405304,-0.58758545,263.75098,268.0813,0.0,32.0,118.75
2024-01-24 01:00:00,2.2261505,-1.1169281,262.50992,268.60815,0.0,32.0,118.75
2024-01-24 02:00:00,2.3446808,-1.5873566,262.289,273.80643,0.0,32.0,118.75
2024-01-24 03:00:00,1.6926575,-2.0596619,261.3758,274.15204,0.0,32.0,118.75
2024-01-24 04:00:00,1.3865662,-2.060608,261.05414,274.43378,0.0,32.0,118.75
2024-01-24 05:00:00,1.6260376,-1.9327545,260.3847,276.34702,0.0,32.0,118.75
2024-01-24 06:00:00,1.9694214,-1.7683716,260.4013,276.59326,0.0,32.0,118.75
2024-01-24 07:00:00,2.1873474,-1.6744995,260.3921,276.62292,0.0,32.0,118.75
2024-01-24 08:00:00,2.086258,-1.6449585,260.65344,276.17337,0.0,32.0,118.75
2024-01-24 09:00:00,1.247467,-1.20578,264.2909,275.67447,0.0,32.0,118.75
2024-01-24 10:00:00,2.2372894,-1.4888,263.89987,272.29218,0.0,32.0,118.75
2024-01-24 11:00:00,1.9763031,-1.9900513,264.16565,272.35538,0.0,32.0,118.75
2024-01-24 12:00:00,1.5050812,-2.2125702,264.49164,272.23724,0.0,32.0,118.75
2024-01-24 13:00:00,0.77723694,-2.2942352,264.5598,273.0733,0.0,32.0,118.75
2024-01-24 14:00:00,1.9143524,-0.92814636,265.52917,272.09045,0.0,32.0,118.75
2024-01-24 15:00:00,2.3686218,-0.86346436,266.05994,271.95233,0.0,32.0,118.75
2024-01-24 16:00:00,2.1183472,-1.3665924,266.34302,271.721,0.0,32.0,118.75
2024-01-24 17:00:00,2.08844,-1.1911011,266.8687,270.549,0.0,32.0,118.75
2024-01-24 18:00:00,2.1541443,-1.0341797,267.17267,269.6329,0.0,32.0,118.75
2024-01-24 19:00:00,2.1980743,-1.0043335,267.1496,269.8695,0.0,32.0,118.75
2024-01-24 20:00:00,2.1264954,-0.7962189,267.16553,270.0312,0.0,32.0,118.75
2024-01-24 21:00:00,2.000595,-0.54045105,266.9925,270.26212,0.0,32.0,118.75
2024-01-24 22:00:00,1.8944092,-0.68569946,266.72546,270.29382,0.0,32.0,118.75
2024-01-24 23:00:00,1.919632,-0.7463074,266.74396,269.94464,0.0,32.0,118.75
2024-01-25 00:00:00,1.4774933,-0.06867981,266.68036,270.63745,0.0,32.0,118.75
2024-01-25 01:00:00,0.8684082,0.2158966,265.6433,271.19104,0.0,32.0,118.75
2024-01-25 02:00:00,1.6604309,0.1081543,264.47214,277.0327,0.0,32.0,118.75
2024-01-25 03:00:00,2.2182922,-0.07350159,263.81354,277.18134,0.0,32.0,118.75
2024-01-25 04:00:00,2.5938873,-0.19248962,264.10938,277.41064,0.0,32.0,118.75
2024-01-25 05:00:00,2.3323517,-0.28193665,263.36395,279.41428,0.0,32.0,118.75
2024-01-25 06:00:00,2.0857544,-0.32261658,263.57758,279.4632,0.0,32.0,118.75
2024-01-25 07:00:00,1.8954926,-0.24093628,263.7669,279.49014,0.0,32.0,118.75
2024-01-25 08:00:00,1.8873749,0.0068206787,264.35156,278.41068,0.0,32.0,118.75
2024-01-25 09:00:00,1.9597931,-0.18397522,266.9027,277.95483,0.0,32.0,118.75
2024-01-25 10:00:00,2.609497,-0.8620148,266.51218,273.54388,0.0,32.0,118.75
2024-01-25 11:00:00,2.273819,-0.8781128,266.42618,273.9057,0.0,32.0,118.75
2024-01-25 12:00:00,2.2947388,-0.4560089,266.5891,274.12372,0.0,32.0,118.75
2024-01-25 13:00:00,1.6909943,-0.6999054,266.85068,273.61127,0.0,32.0,118.75
2024-01-25 14:00:00,1.4537048,-0.4980011,267.34412,271.72675,0.0,32.0,118.75
2024-01-25 15:00:00,1.2545624,-0.5789795,267.35956,271.20343,0.0,32.0,118.75
2024-01-25 16:00:00,1.2574158,-0.47532654,267.90744,271.51,0.0,32.0,118.75
2024-01-25 17:00:00,0.9883423,0.16531372,268.05096,270.79565,0.0,32.0,118.75
2024-01-25 18:00:00,1.0117188,0.20217896,268.17108,271.0243,0.0,32.0,118.75
2024-01-25 19:00:00,1.0780334,0.26849365,268.47552,270.8465,0.0,32.0,118.75
2024-01-25 20:00:00,1.275238,0.11218262,268.46893,270.31805,0.0,32.0,118.75
2024-01-25 21:00:00,1.3466034,-0.5273895,268.4567,270.30505,0.0,32.0,118.75
2024-01-25 22:00:00,1.3035278,-0.72273254,269.03278,270.6021,0.0,32.0,118.75
2024-01-25 23:00:00,1.474411,-0.31300354,268.9616,270.57684,0.0,32.0,118.75
2024-01-26 00:00:00,1.4568176,-0.16313171,268.89575,270.00122,0.0,32.0,118.75
2024-01-26 01:00:00,0.8751221,-0.20777893,268.12827,270.8637,0.0,32.0,118.75
2024-01-26 02:00:00,0.93211365,-0.35040283,267.49982,277.90002,0.0,32.0,118.75
2024-01-26 03:00:00,1.2008057,-0.45254517,266.49078,278.28168,0.0,32.0,118.75
2024-01-26 04:00:00,1.3749847,-0.40270996,266.4596,278.48938,0.0,32.0,118.75
2024-01-26 05:00:00,1.5454712,-0.49551392,265.73083,279.68124,0.0,32.0,118.75
2024-01-26 06:00:00,1.447052,-0.60020447,266.04834,279.89423,0.0,32.0,118.75
2024-01-26 07:00:00,1.2402039,-0.64520264,265.94672,280.02478,0.0,32.0,118.75
2024-01-26 08:00:00,1.1644897,-0.62101746,266.50958,279.17078,0.0,32.0,118.75
2024-01-26 09:00:00,1.5363312,-0.520874,267.38837,278.82147,0.0,32.0,118.75
2024-01-26 10:00:00,1.45224,-0.028564453,266.8235,275.90536,0.0,32.0,118.75
2024-01-26 11:00:00,0.8832855,0.11331177,267.28308,276.43088,0.0,32.0,118.75
2024-01-26 12:00:00,-0.15423584,0.46981812,267.7512,274.91727,0.0,32.0,118.75
2024-01-26 13:00:00,0.024383545,0.8284912,268.18146,274.32288,0.0,32.0,118.75
2024-01-26 14:00:00,-0.11911011,0.5788269,268.31082,272.97534,0.0,32.0,118.75
2024-01-26 15:00:00,0.41999817,0.12515259,268.23004,272.3365,0.0,32.0,118.75
2024-01-26 16:00:00,1.151123,-0.4589386,268.43683,271.9912,0.0,32.0,118.75
2024-01-26 17:00:00,1.5780792,-0.41323853,268.61087,270.87094,0.0,32.0,118.75
2024-01-26 18:00:00,1.3467255,-1.121994,268.87512,271.3424,0.0,32.0,118.75
2024-01-26 19:00:00,1.2350616,-1.3314362,269.19794,271.91235,0.0,32.0,118.75
2024-01-26 20:00:00,0.60409546,-1.4838257,269.11157,271.427,0.0,32.0,118.75
2024-01-26 21:00:00,0.26245117,-1.1656799,269.25964,271.53174,0.0,32.0,118.75
2024-01-26 22:00:00,1.0350342,-0.36312866,269.8324,271.83807,0.0,32.0,118.75
2024-01-26 23:00:00,0.89533997,-0.1242218,269.98782,271.94275,0.0,32.0,118.75
2024-01-27 00:00:00,0.35246277,0.49713135,269.85895,270.99213,0.0,32.0,118.75
2024-01-27 01:00:00,0.16522217,0.20915222,269.94153,272.06262,0.0,32.0,118.75
2024-01-27 02:00:00,0.7701874,0.23773193,269.47104,278.65973,0.0,32.0,118.75
2024-01-27 03:00:00,1.5604401,0.21266174,268.77405,278.8706,0.0,32.0,118.75
2024-01-27 04:00:00,2.043457,-0.085861206,268.85406,279.06775,0.0,32.0,118.75
2024-01-27 05:00:00,2.487152,-0.6042328,267.74634,281.3208,0.0,32.0,118.75
2024-01-27 06:00:00,2.699768,-1.1223145,267.37097,281.40802,0.0,32.0,118.75
2024-01-27 07:00:00,2.0737152,-0.8033447,267.2036,281.42444,0.0,32.0,118.75
2024-01-27 08:00:00,1.783783,-0.3343048,267.00476,280.40234,0.0,32.0,118.75
2024-01-27 09:00:00,2.0755463,0.56311035,270.15863,279.77454,0.0,32.0,118.75
2024-01-27 10:00:00,2.801834,1.171814,268.29767,275.46582,0.0,32.0,118.75
2024-01-27 11:00:00,2.8099976,0.8660431,268.44867,274.86273,0.0,32.0,118.75
2024-01-27 12:00:00,2.797287,0.79156494,268.57745,274.46002,0.0,32.0,118.75
2024-01-27 13:00:00,2.7247162,1.0207825,268.62097,273.8523,0.0,32.0,118.75
2024-01-27 14:00:00,2.6060028,0.64167786,268.73743,272.63226,0.0,32.0,118.75
2024-01-27 15:00:00,2.1928864,0.1479187,268.81415,272.69598,0.0,32.0,118.75
2024-01-27 16:00:00,2.1588593,-0.41810608,269.07864,272.65463,0.0,32.0,118.75
2024-01-27 17:00:00,1.9208984,-0.82003784,268.59674,271.2976,0.0,32.0,118.75
2024-01-27 18:00:00,2.149063,-0.799057,268.11084,270.90295,0.0,32.0,118.75
2024-01-27 19:00:00,1.9759369,-0.52957153,268.00974,270.74887,0.0,32.0,118.75
2024-01-27 20:00:00,1.9203186,-0.51272583,267.67395,270.34863,0.0,32.0,118.75
2024-01-27 21:00:00,1.9468079,-0.57792664,267.69366,270.59302,0.0,32.0,118.75
2024-01-27 22:00:00,1.7575684,-0.5611725,268.23706,270.67084,0.0,32.0,118.75
2024-01-27 23:00:00,1.9985199,-0.81640625,267.87555,269.97357,0.0,32.0,118.75
2024-01-28 00:00:00,1.7026672,-1.0635834,267.90836,270.7983,0.0,32.0,118.75
2024-01-28 01:00:00,0.84506226,-0.87579346,268.31653,271.93256,0.0,32.0,118.75
2024-01-28 02:00:00,0.7101135,-0.42085266,268.9583,279.09094,0.0,32.0,118.75
2024-01-28 03:00:00,0.58903503,-0.18153381,269.42548,279.86688,0.0,32.0,118.75
2024-01-28 04:00:00,0.3985138,-0.8669281,268.78348,280.3551,0.0,32.0,118.75
2024-01-28 05:00:00,0.38372803,-0.9530029,266.7152,282.82812,0.0,32.0,118.75
2024-01-28 06:00:00,0.5455322,-0.72442627,266.37787,282.9596,0.0,32.0,118.75
2024-01-28 07:00:00,0.35159302,-0.4880066,266.26456,283.0813,0.0,32.0,118.75
2024-01-28 08:00:00,0.04347229,-0.37269592,266.84424,282.211,0.0,32.0,118.75
2024-01-28 09:00:00,-0.40808105,0.12942505,263.57938,283.1387,0.0,32.0,118.75
2024-01-28 10:00:00,-0.4928589,0.5233612,266.36188,279.5929,0.0,32.0,118.75
2024-01-28 11:00:00,-1.4347839,0.6444092,267.70813,276.89423,0.0,32.0,118.75
2024-01-28 12:00:00,-2.2705078,0.82714844,268.15442,275.32758,0.0,32.0,118.75
2024-01-28 13:00:00,-2.368393,1.0028076,268.60736,275.0442,0.0,32.0,118.75
2024-01-28 14:00:00,-2.3693695,1.1525116,269.02185,273.99374,0.0,32.0,118.75
2024-01-28 15:00:00,-2.0948486,1.1426239,268.98416,273.5634,0.0,32.0,118.75
2024-01-28 16:00:00,-1.8153534,0.97499084,269.6264,274.029,0.0,32.0,118.75
2024-01-28 17:00:00,-1.8270874,0.79351807,269.845,273.81818,0.0,32.0,118.75
2024-01-28 18:00:00,-1.9457855,0.6164398,269.512,273.45575,0.0,32.0,118.75
2024-01-28 19:00:00,-1.9650574,0.57595825,269.47223,273.23203,0.0,32.0,118.75
2024-01-28 20:00:00,-2.0261993,0.3952484,269.85614,273.47925,0.0,32.0,118.75
2024-01-28 21:00:00,-1.9582977,0.090423584,269.245,273.38666,0.0,32.0,118.75
2024-01-28 22:00:00,-2.0006561,-0.25186157,269.79944,273.7885,0.0,32.0,118.75
2024-01-28 23:00:00,-2.5045013,-0.030776978,269.46417,274.03857,0.0,32.0,118.75
2024-01-29 00:00:00,-3.143036,0.17277527,269.2082,274.43658,0.0,32.0,118.75
2024-01-29 01:00:00,-2.9546509,0.031951904,269.19836,274.76526,0.0,32.0,118.75
2024-01-29 02:00:00,-3.311142,0.23991394,270.12503,279.92737,0.0,32.0,118.75
2024-01-29 03:00:00,-3.4550476,1.0555115,270.53116,281.77808,0.0,32.0,118.75
2024-01-29 04:00:00,-3.3247986,1.539856,270.74835,282.6142,0.0,32.0,118.75
2024-01-29 05:00:00,-3.0968933,1.6589661,269.8155,284.75772,0.0,32.0,118.75
2024-01-29 06:00:00,-3.0291443,1.6060028,269.6748,284.9505,0.0,32.0,118.75
2024-01-29 07:00:00,-3.1166992,1.547287,269.71912,284.86005,0.0,32.0,118.75
2024-01-29 08:00:00,-3.0676575,1.422287,271.56448,283.6506,0.0,32.0,118.75
2024-01-29 09:00:00,-2.5278625,0.91648865,271.35614,283.21353,0.0,32.0,118.75
2024-01-29 10:00:00,-2.6681366,0.38023376,272.32776,280.65344,0.0,32.0,118.75
2024-01-29 11:00:00,-2.9757233,0.6476135,272.4053,280.17023,0.0,32.0,118.75
2024-01-29 12:00:00,-3.2562714,1.0947113,272.54773,280.0932,0.0,32.0,118.75
2024-01-29 13:00:00,-3.3687897,1.254425,272.71332,280.10638,0.0,32.0,118.75
2024-01-29 14:00:00,-3.2936554,1.13974,273.60086,279.62268,0.0,32.0,118.75
2024-01-29 15:00:00,-2.960144,0.88035583,274.3888,279.08902,0.0,32.0,118.75
2024-01-29 16:00:00,-2.6486053,0.86026,274.91333,279.5415,0.0,32.0,118.75
2024-01-29 17:00:00,-2.613739,0.85276794,275.70013,278.83417,9.059906e-06,32.0,118.75
2024-01-29 18:00:00,-2.5344849,0.7838745,276.02588,279.12866,9.536743e-07,32.0,118.75
2024-01-29 19:00:00,-2.198166,0.6307373,276.36456,279.17038,0.0,32.0,118.75
2024-01-29 20:00:00,-2.0873566,0.7005005,277.19183,279.45984,1.9073486e-06,32.0,118.75
2024-01-29 21:00:00,-1.8049469,0.67689514,277.42923,279.34314,1.7166138e-05,32.0,118.75
2024-01-29 22:00:00,-2.0252228,0.35916138,277.82297,279.5252,5.722046e-05,32.0,118.75
2024-01-29 23:00:00,-2.373642,0.31765747,278.08188,279.67844,7.724762e-05,32.0,118.75
2024-01-30 00:00:00,-2.5609741,1.0415039,278.1427,279.61542,2.193451e-05,32.0,118.75
2024-01-30 01:00:00,-2.3150024,1.6159668,277.91382,279.19672,4.7683716e-06,32.0,118.75
2024-01-30 02:00:00,-1.7877655,1.4042206,278.75302,281.3092,9.536743e-07,32.0,118.75
2024-01-30 03:00:00,-1.3822479,1.2780762,278.4903,281.47925,0.0,32.0,118.75
2024-01-30 04:00:00,-1.1338501,1.3499756,278.39926,282.24258,0.0,32.0,118.75
2024-01-30 05:00:00,-1.0328674,1.2803192,279.208,284.5719,0.0,32.0,118.75
2024-01-30 06:00:00,-0.9085083,1.0566711,279.2947,285.15582,0.0,32.0,118.75
2024-01-30 07:00:00,-0.699234,0.9994354,279.35175,285.69012,0.0,32.0,118.75
2024-01-30 08:00:00,-0.5712738,0.9190216,279.8156,285.46808,0.0,32.0,118.75
2024-01-30 09:00:00,-1.3838654,0.23561096,280.33728,284.4632,0.0,32.0,118.75
2024-01-30 10:00:00,-1.5467682,-0.43052673,280.3717,283.75644,0.0,32.0,118.75
2024-01-30 11:00:00,-2.0480804,-0.49983215,280.45956,283.5423,0.0,32.0,118.75
2024-01-30 12:00:00,-2.4546967,-0.3935089,280.515,283.53082,0.0,32.0,118.75
2024-01-30 13:00:00,-2.6944427,-0.32199097,280.5669,283.4759,0.0,32.0,118.75
2024-01-30 14:00:00,-2.272705,0.27537537,280.95374,282.50757,0.0,32.0,118.75
2024-01-30 15:00:00,-2.2946472,0.94451904,281.23248,282.127,0.0,32.0,118.75
2024-01-30 16:00:00,-2.168213,1.2285919,281.30374,282.2611,1.9073486e-06,32.0,118.75
2024-01-30 17:00:00,-1.990387,0.93556213,281.08365,281.7196,0.0004711151,32.0,118.75
2024-01-30 18:00:00,-1.4694519,0.47131348,281.4887,282.02194,0.00055217743,32.0,118.75
2024-01-30 19:00:00,-1.1092529,-0.6405029,281.17966,281.67093,0.00086450577,32.0,118.75
2024-01-30 20:00:00,-1.4055023,-1.2081299,281.40448,281.59872,0.001376152,32.0,118.75
2024-01-30 21:00:00,-1.5832367,-1.5368042,281.48535,281.72232,0.0013756752,32.0,118.75
2024-01-30 22:00:00,-2.083435,-2.347046,281.39572,281.57635,0.001200676,32.0,118.75
2024-01-30 23:00:00,-2.0957184,-1.8287964,281.33215,281.54736,0.00084352493,32.0,118.75
2024-01-31 00:00:00,-2.0384521,-1.337738,281.2336,281.30945,0.0005788803,32.0,118.75
2024-01-31 01:00:00,-1.638443,-1.4803619,281.04648,281.04602,0.00020217896,32.0,118.75
2024-01-31 02:00:00,-1.6523132,-1.6185303,281.53986,281.7915,2.5749207e-05,32.0,118.75
2024-01-31 03:00:00,-2.0087738,-1.6257172,281.38434,281.58243,5.722046e-06,32.0,118.75
2024-01-31 04:00:00,-2.2407227,-1.7433624,281.4386,281.66394,1.1444092e-05,32.0,118.75
2024-01-31 05:00:00,-2.3667297,-2.032013,281.234,281.67572,1.9073486e-05,32.0,118.75
2024-01-31 06:00:00,-2.2855225,-2.2485046,280.98758,281.50043,0.00014162064,32.0,118.75
2024-01-31 07:00:00,-2.4266663,-2.3825226,281.03033,281.32715,0.00044107437,32.0,118.75
2024-01-31 08:00:00,-1.9174805,-2.3562927,280.95288,281.15833,0.0006599426,32.0,118.75
2024-01-31 09:00:00,-1.59552,-2.6066895,280.7412,281.21335,0.001162529,32.0,118.75
2024-01-31 10:00:00,-1.6882477,-2.5173645,280.15277,280.4542,0.002207756,32.0,118.75
2024-01-31 11:00:00,-1.561615,-2.6422424,280.21167,280.5446,0.0013237,32.0,118.75
2024-01-31 12:00:00,-2.1779175,-2.7283783,280.35178,280.6789,0.0002593994,32.0,118.75
2024-01-31 13:00:00,-1.8986969,-2.2096252,280.68085,281.0644,2.0980835e-05,32.0,118.75
2024-01-31 14:00:00,-0.9872894,-2.4143372,280.40704,280.62195,0.00017166138,32.0,118.75
2024-01-31 15:00:00,-0.549942,-2.930252,280.3991,280.60822,0.00024414062,32.0,118.75
2024-01-31 16:00:00,-0.8444061,-3.3482208,280.64825,280.7896,0.00044059753,32.0,118.75
2024-01-31 17:00:00,-1.2116089,-3.7094574,280.0296,280.18185,0.0007343292,32.0,118.75
2024-01-31 18:00:00,-1.4084778,-4.0056915,280.14932,280.29803,0.00081539154,32.0,118.75
2024-01-31 19:00:00,-1.6126862,-4.4279785,280.13306,280.20825,0.0006198883,32.0,118.75
2024-01-31 20:00:00,-2.263382,-4.5765533,279.0269,279.32852,0.00016975403,32.0,118.75
2024-01-31 21:00:00,-2.617981,-4.8864136,278.74432,279.1589,4.4822693e-05,32.0,118.75
2024-01-31 22:00:00,-2.835678,-5.716629,277.68695,278.34525,0.00023889542,32.0,118.75
2024-01-31 23:00:00,-2.7881317,-5.7830048,277.15564,277.84802,0.0001616478,32.0,118.75
